ColA,ColB,ColC,ColD
100,200,300,400
101,201,301,401
102,202,302,402
103,203,303,403
104,204,304,404
105,205,305,405
106,206,306,406
107,207,307,407
108,208,308,408
109,209,309,409
110,210,310,410
111,211,311,411
112,212,312,412
113,213,313,413
114,214,314,414
115,215,315,415
116,216,316,416
117,217,317,417
118,218,318,418
119,219,319,419
120,220,320,420
121,221,321,421
122,222,322,422
123,223,323,423
124,224,324,424
125,225,325,425
126,226,326,426
127,227,327,427
128,228,328,428
129,229,329,429
130,230,330,430
